{
   "wolkenkratzer":[
      {
         "name":"Shanghai Tower",
         "stadt":"Shanghai",
         "hoehe":632
      },
      {
         "name":"One World Trade Center",
         "stadt":"New York City",
         "hoehe":541
      },
      {
         "name":"CTF Finance Centre",
         "stadt":"Guangzhou",
         "hoehe":530
      },
      {
         "name":"Taipei 101",
         "stadt":"Tapei",
         "hoehe":508
      },
      {
         "name":"Burj Khalifa",
         "stadt":"Dubai",
         "hoehe":828
      },
      {
         "name":"Shanghai World Financial Center",
         "stadt":"Shanghai",
         "hoehe":492
      },
      {
         "name":"Petronas Towers",
         "stadt":"Kuala Lumpur",
         "hoehe":452
      },
      {
         "name":"International Commerce Centre",
         "stadt":"Hongkong",
         "hoehe":484
      },
      {
         "name":"Zifeng Tower",
         "stadt":"Nanjing",
         "hoehe":450
      },
            {
         "name":"Mecca Royal Clock Tower Hotel",
         "stadt":"Mekka",
         "hoehe":601
      }
   ]
}
